Probe Name;20240604_30103010090426-01_Sample01_01.RCC;20240604_30103010090426-01_Sample02_02.RCC;20240604_30103010090426-01_Sample04_04.RCC;20240604_30103010090426-01_Sample06_06.RCC;20240604_30103010090426-01_Sample07_07.RCC;20240604_30103010090426-01_Sample08_08.RCC;20240604_30103010090426-01_Sample09_09.RCC;20240604_30103010090426-01_Sample10_10.RCC;20240604_30103010090426-01_Sample11_11.RCC;20240604_30103010090426-01_Sample12_12.RCC
hsa-let-7a-5p;173;158;157;208;146;111;165;179;290;156
hsa-let-7b-5p;238;765;358;737;443;262;696;364;707;666
hsa-let-7c-5p;28;47;36;48;39;34;42;40;46;39
hsa-let-7d-5p;32;64;41;70;54;68;55;59;66;50
hsa-let-7e-5p;22;28;33;27;16;21;18;17;31;24
hsa-let-7f-5p;43;58;42;53;48;43;43;43;41;40
hsa-let-7g-5p;124;176;137;110;169;113;203;107;209;191
hsa-let-7i-5p;1;1;1;1;1;1;1;1;1;1
hsa-miR-1-3p;46;57;45;40;46;34;43;36;37;37
hsa-miR-1-5p;31;37;29;33;48;42;37;29;21;38
hsa-miR-100-5p;46;39;36;27;48;35;28;39;34;30
hsa-miR-101-3p;36;35;32;23;28;24;34;25;24;26
hsa-miR-103a-3p;39;33;35;33;40;28;28;40;21;31
hsa-miR-105-5p;38;89;45;59;44;66;44;54;40;33
hsa-miR-106a-5p?miR-17-5p;80;210;114;240;104;85;190;92;272;166
hsa-miR-106b-5p;35;85;62;42;83;47;79;37;113;89
hsa-miR-107;138;103;135;116;139;104;131;113;100;97
hsa-miR-10a-5p;49;45;43;46;48;23;38;40;39;37
hsa-miR-10b-5p;34;41;37;39;33;21;28;28;34;35
hsa-miR-1178-3p;47;43;28;37;48;31;34;41;34;25
hsa-miR-1180-3p;34;56;42;47;52;36;44;35;37;40
hsa-miR-1183;133;162;136;141;150;129;145;127;131;109
hsa-miR-1185-1-3p;30;33;30;25;18;22;31;30;26;26
hsa-miR-1185-2-3p;27;31;29;25;24;30;28;28;13;21
hsa-miR-1185-5p;31;38;44;38;33;40;37;32;20;29
hsa-miR-1193;15;25;16;18;21;18;22;22;19;17
hsa-miR-1197;38;33;30;30;37;25;15;23;17;27
hsa-miR-1200;24;21;21;30;15;17;19;24;10;20
hsa-miR-1202;22;27;20;18;18;17;20;29;13;12
hsa-miR-1203;37;28;28;21;38;30;29;20;22;19
hsa-miR-1204;14;29;17;22;23;26;16;16;13;15
hsa-miR-1205;26;26;21;19;31;10;24;12;10;10
hsa-miR-1206;19;24;36;18;18;26;21;21;22;23
hsa-miR-122-5p;92;282;309;1221;189;108;216;3259;116;559
hsa-miR-1224-3p;29;28;36;23;22;44;31;40;12;17
hsa-miR-1224-5p;31;44;29;32;31;42;19;23;28;19
hsa-miR-1226-3p;27;33;22;21;41;32;33;27;22;20
hsa-miR-1228-3p;25;28;31;23;26;27;35;27;13;19
hsa-miR-1233-3p;23;45;21;31;40;27;19;24;17;18
hsa-miR-1234-3p;35;27;32;38;28;21;28;30;17;31
hsa-miR-1236-3p;30;31;24;24;34;25;31;21;21;23
hsa-miR-124-3p;33;70;31;43;32;52;32;31;34;26
hsa-miR-1244;25;32;26;28;36;31;26;24;18;23
hsa-miR-1245a;17;14;18;11;22;11;16;13;12;11
hsa-miR-1245b-3p;20;47;29;25;28;39;29;18;14;21
hsa-miR-1245b-5p;39;40;30;44;34;47;28;35;31;37
hsa-miR-1246;88;103;114;113;117;154;151;202;708;870
hsa-miR-1247-5p;22;44;24;21;27;36;24;19;19;20
hsa-miR-1248;29;59;26;37;33;51;34;32;36;33
hsa-miR-1249-3p;23;29;29;28;21;12;23;29;23;14
hsa-miR-1249-5p;25;26;21;20;26;15;13;24;12;15
hsa-miR-1250-5p;19;16;21;26;15;12;24;18;13;16
hsa-miR-1252-5p;18;26;18;19;21;16;22;19;19;10
hsa-miR-1253;80;121;151;164;189;141;127;106;124;178
hsa-miR-1254;17;33;22;11;27;25;27;14;20;4
hsa-miR-1255a;31;40;38;32;38;35;30;32;28;30
hsa-miR-1255b-5p;29;32;40;34;44;36;45;26;23;36
hsa-miR-1257;43;35;34;23;32;37;26;25;30;25
hsa-miR-1258;28;30;31;26;26;25;31;21;23;26
hsa-miR-125a-3p;28;27;30;29;41;25;31;24;26;25
hsa-miR-125a-5p;21;29;22;22;29;28;19;21;34;14
hsa-miR-125b-5p;36;43;39;42;46;42;40;48;35;60
hsa-miR-126-3p;388;489;495;516;409;292;391;284;591;424
hsa-miR-1260a;18;20;21;17;17;15;24;21;20;20
hsa-miR-1260b;16;24;15;22;17;22;24;20;16;9
hsa-miR-1261;31;36;30;22;29;29;27;25;20;30
hsa-miR-1262;13;23;17;18;14;10;24;22;8;20
hsa-miR-1264;31;52;43;50;46;54;36;44;52;36
hsa-miR-1266-5p;27;22;24;20;29;22;24;17;25;26
hsa-miR-1268a;24;26;17;24;20;21;18;23;14;21
hsa-miR-1268b;28;45;37;19;32;29;22;26;24;27
hsa-miR-1269a;28;36;49;47;49;44;36;44;37;31
hsa-miR-1269b;18;25;19;19;22;19;21;21;17;10
hsa-miR-127-3p;40;41;42;28;43;40;32;33;28;32
hsa-miR-127-5p;40;79;37;62;47;61;39;44;39;37
hsa-miR-1270;28;18;22;17;17;18;23;18;13;18
hsa-miR-1271-3p;91;83;81;80;107;107;102;101;77;62
hsa-miR-1271-5p;42;37;29;24;28;27;33;22;18;17
hsa-miR-1272;34;22;34;23;31;22;26;27;18;24
hsa-miR-1273c;22;27;26;26;19;21;21;28;17;22
hsa-miR-1275;19;24;16;24;20;14;20;17;22;15
hsa-miR-1276;16;29;22;27;19;30;27;25;10;12
hsa-miR-1277-3p;39;48;56;35;41;53;45;44;24;38
hsa-miR-1278;18;31;30;19;19;21;23;16;20;12
hsa-miR-1279;30;32;27;13;23;20;24;20;17;15
hsa-miR-128-1-5p;44;77;59;67;88;69;59;54;52;63
hsa-miR-128-2-5p;17;22;22;13;21;16;19;22;16;14
hsa-miR-128-3p;25;28;34;24;25;15;34;16;15;23
hsa-miR-1281;28;27;31;16;19;19;23;18;20;22
hsa-miR-1283;133;169;247;255;221;161;189;114;167;390
hsa-miR-1285-3p;30;53;38;41;44;51;34;39;47;34
hsa-miR-1285-5p;63;53;47;72;70;65;49;52;53;53
hsa-miR-1286;126;83;120;71;107;104;92;93;78;54
hsa-miR-1287-3p;22;20;22;17;28;21;28;14;13;17
hsa-miR-1287-5p;34;47;41;29;36;39;44;36;34;32
hsa-miR-1288-3p;38;64;43;52;49;52;35;34;24;37
hsa-miR-1289;21;33;31;35;30;31;28;35;19;24
hsa-miR-129-2-3p;23;23;36;16;15;24;22;19;18;20
hsa-miR-129-5p;26;16;12;20;22;17;16;15;13;14
hsa-miR-1290;31;42;41;39;44;32;35;34;55;73
hsa-miR-1291;21;30;24;21;26;35;25;17;22;18
hsa-miR-1293;22;28;28;27;36;26;36;30;23;22
hsa-miR-1295a;58;43;63;48;53;39;42;45;38;43
hsa-miR-1296-3p;48;27;43;27;37;25;36;40;29;30
hsa-miR-1296-5p;11;26;30;18;20;23;17;18;11;10
hsa-miR-1297;48;58;55;53;56;53;48;62;33;39
hsa-miR-1298-5p;27;22;21;25;28;39;21;18;19;25
hsa-miR-1299;50;133;50;88;56;72;86;78;83;77
hsa-miR-1301-3p;14;18;23;13;17;17;19;13;14;12
hsa-miR-1302;23;31;26;30;30;28;21;24;22;16
hsa-miR-1303;14;18;11;11;25;12;16;12;10;8
hsa-miR-1304-3p;17;34;24;19;33;30;35;30;19;15
hsa-miR-1304-5p;30;28;35;26;21;15;26;32;16;20
hsa-miR-1305;43;51;31;175;44;38;55;62;27;50
hsa-miR-1306-3p;31;33;31;29;35;35;28;31;20;33
hsa-miR-1306-5p;24;36;16;27;22;30;23;25;21;27
hsa-miR-1307-3p;48;30;49;20;35;51;43;33;18;32
hsa-miR-1307-5p;43;54;52;40;52;42;62;54;27;36
hsa-miR-130a-3p;61;113;92;183;63;71;85;152;146;168
hsa-miR-130b-3p;22;23;20;15;21;25;23;14;22;10
hsa-miR-132-3p;38;36;19;31;35;27;22;21;24;26
hsa-miR-1322;31;32;41;27;44;31;29;41;31;26
hsa-miR-1323;27;43;43;37;32;27;38;36;16;18
hsa-miR-133a-3p;28;33;36;20;35;24;31;27;23;24
hsa-miR-133a-5p;27;50;31;32;28;30;28;37;23;26
hsa-miR-133b;28;60;25;31;45;54;36;22;23;27
hsa-miR-134-3p;25;26;35;31;29;22;25;29;22;19
hsa-miR-134-5p?miR-6728-5p;23;29;26;14;20;19;18;17;17;17
hsa-miR-135a-5p;13;9;21;14;25;15;15;15;12;7
hsa-miR-135b-5p;16;22;25;19;22;15;24;22;26;17
hsa-miR-136-5p;24;22;25;22;23;19;13;22;17;11
hsa-miR-137;47;38;22;26;30;26;33;32;22;20
hsa-miR-138-5p;36;20;32;41;43;37;37;35;29;25
hsa-miR-139-3p;26;37;32;28;33;36;33;27;30;33
hsa-miR-139-5p;12;6;9;7;10;11;9;11;3;10
hsa-miR-140-3p;39;38;41;30;30;26;24;23;24;27
hsa-miR-140-5p;26;30;39;33;30;21;33;29;36;24
hsa-miR-141-3p;31;25;48;35;50;39;29;42;42;25
hsa-miR-142-3p;168;239;145;282;232;174;175;205;315;227
hsa-miR-142-5p;23;35;14;24;23;33;26;15;16;21
hsa-miR-143-3p;20;73;35;38;50;40;33;42;27;40
hsa-miR-144-3p;240;2158;451;621;754;462;1149;500;694;861
hsa-miR-145-5p;28;53;41;50;42;55;35;33;42;19
hsa-miR-1469;40;86;34;39;56;54;41;36;41;29
hsa-miR-146a-5p;56;58;69;167;70;66;59;65;93;87
hsa-miR-146b-3p;20;25;21;23;17;13;17;16;14;14
hsa-miR-146b-5p;20;29;28;29;38;31;27;28;20;26
hsa-miR-147a;37;43;29;22;34;31;39;27;27;19
hsa-miR-147b;24;22;23;25;14;29;10;21;10;13
hsa-miR-148a-3p;30;52;53;112;27;27;39;141;37;84
hsa-miR-148b-3p;27;53;45;49;40;29;62;45;58;43
hsa-miR-149-5p;37;39;36;22;33;33;24;35;17;22
hsa-miR-150-5p;192;239;150;245;287;203;296;268;478;416
hsa-miR-151a-3p;26;68;37;46;39;47;36;29;47;29
hsa-miR-151a-5p;18;29;12;17;22;28;24;19;17;19
hsa-miR-151b;21;40;26;20;36;35;22;27;23;16
hsa-miR-152-3p;18;41;17;22;28;25;20;26;27;22
hsa-miR-152-5p;25;32;11;19;16;36;12;20;12;22
hsa-miR-153-3p;48;89;53;48;62;73;38;46;44;37
hsa-miR-1537-3p;39;28;42;21;37;22;27;23;27;19
hsa-miR-154-5p;22;20;17;23;14;19;19;14;9;14
hsa-miR-155-5p;30;32;36;43;27;20;30;29;23;31
hsa-miR-15a-5p;74;211;46;76;62;66;92;65;86;69
hsa-miR-15b-5p;101;162;91;138;115;73;109;115;147;102
hsa-miR-16-5p;618;3763;2539;6134;2609;1542;4119;3517;8013;6486
hsa-miR-181a-2-3p;20;32;28;15;27;22;29;26;14;15
hsa-miR-181a-3p;38;50;44;46;45;27;50;44;39;30
hsa-miR-181a-5p;18;16;14;16;20;15;15;15;22;14
hsa-miR-181b-2-3p;36;61;32;43;51;46;52;42;29;32
hsa-miR-181b-5p?miR-181d-5p;26;30;26;20;24;28;23;23;25;16
hsa-miR-181c-5p;14;23;35;24;27;20;19;26;19;16
hsa-miR-181d-3p;21;38;28;14;28;10;22;27;19;11
hsa-miR-182-3p;22;27;30;14;19;21;34;15;15;11
hsa-miR-182-5p;9;13;13;14;12;8;16;8;4;8
hsa-miR-1827;34;49;43;25;46;43;43;36;27;29
hsa-miR-183-5p;35;52;45;46;42;36;49;38;39;45
hsa-miR-184;21;26;17;18;10;22;22;29;15;11
hsa-miR-185-5p;74;132;77;135;94;78;104;64;175;96
hsa-miR-186-5p;48;66;48;76;40;54;67;67;68;47
hsa-miR-187-3p;34;35;35;23;43;37;40;34;25;26
hsa-miR-188-3p;10;22;18;15;25;16;9;22;5;17
hsa-miR-188-5p;47;47;50;35;47;50;40;41;37;37
hsa-miR-18a-5p;24;42;37;31;39;27;45;43;36;30
hsa-miR-18b-5p;18;25;30;23;25;24;14;22;20;13
hsa-miR-1908-3p;28;56;32;30;35;45;31;28;32;22
hsa-miR-1908-5p;26;34;25;30;37;40;25;34;18;19
hsa-miR-1909-3p;34;17;18;19;24;25;20;29;10;18
hsa-miR-190a-3p;16;15;19;12;21;10;24;20;12;20
hsa-miR-190a-5p;17;17;20;17;22;18;21;23;14;18
hsa-miR-190b;16;24;19;6;11;13;9;9;13;14
hsa-miR-191-5p;74;89;72;70;64;55;80;80;76;58
hsa-miR-1910-3p;21;42;22;30;27;23;25;24;22;30
hsa-miR-1910-5p;48;144;78;90;71;52;106;74;107;107
hsa-miR-1915-3p;25;24;18;33;26;16;17;22;19;22
hsa-miR-192-5p;48;49;49;55;44;42;32;38;32;51
hsa-miR-193a-3p;22;22;29;21;25;32;26;20;22;21
hsa-miR-193a-5p?miR-193b-5p;48;60;46;58;52;55;56;57;26;44
hsa-miR-193b-3p;22;58;31;33;30;31;43;37;32;35
hsa-miR-194-5p;33;73;40;51;48;51;40;34;32;37
hsa-miR-195-5p;36;43;29;44;47;30;25;26;22;27
hsa-miR-196a-3p;26;24;27;16;27;21;27;22;18;7
hsa-miR-196a-5p;39;94;49;60;66;69;63;67;53;63
hsa-miR-196b-5p;17;17;11;10;14;15;16;15;17;9
hsa-miR-197-3p;42;39;45;32;37;34;29;43;36;54
hsa-miR-197-5p;36;45;34;33;38;32;35;39;32;23
hsa-miR-1972;52;55;52;50;56;60;40;49;42;47
hsa-miR-1973;20;31;19;20;18;22;23;13;16;9
hsa-miR-1976;17;22;27;13;25;22;18;21;12;7
hsa-miR-198;32;39;37;32;35;34;38;30;19;39
hsa-miR-199a-3p?miR-199b-3p;40;48;32;38;27;32;29;53;45;33
hsa-miR-199a-5p;47;68;68;40;45;39;45;54;42;47
hsa-miR-199b-5p;23;37;22;25;34;23;28;27;23;22
hsa-miR-19a-3p;39;76;57;119;67;51;106;82;147;98
hsa-miR-19b-3p;41;132;85;155;77;68;92;90;164;138
hsa-miR-200a-3p;29;24;35;31;33;18;25;34;24;28
hsa-miR-200b-3p;33;20;31;34;29;30;39;21;34;29
hsa-miR-200c-3p;33;40;48;28;41;41;31;39;28;39
hsa-miR-202-3p;32;41;25;27;35;38;25;23;16;21
hsa-miR-203a-3p;40;28;28;22;27;27;28;27;26;18
hsa-miR-203a-5p;42;56;57;38;29;27;29;27;36;20
hsa-miR-204-5p;10;22;13;16;22;9;14;17;14;22
hsa-miR-205-5p;24;35;24;34;35;38;31;28;19;39
hsa-miR-2053;38;37;25;29;33;34;36;37;24;34
hsa-miR-206;25;48;29;20;19;27;27;21;17;28
hsa-miR-208a-3p;29;35;46;27;40;25;39;32;33;31
hsa-miR-208b-3p;47;53;40;49;41;45;40;36;41;48
hsa-miR-208b-5p;22;63;29;49;40;41;37;35;24;22
hsa-miR-20a-5p?miR-20b-5p;75;189;97;210;100;110;158;117;209;138
hsa-miR-21-5p;73;106;97;372;81;81;88;115;186;379
hsa-miR-210-3p;27;25;42;28;34;24;21;18;18;17
hsa-miR-210-5p;27;28;36;22;22;20;26;28;13;17
hsa-miR-211-3p;42;41;40;47;50;49;37;31;34;34
hsa-miR-211-5p;22;32;30;19;28;29;26;31;18;26
hsa-miR-2110;25;33;24;20;36;26;19;16;19;10
hsa-miR-2113;43;33;37;32;34;29;32;30;23;24
hsa-miR-2116-5p;10;16;10;10;20;20;22;18;9;21
hsa-miR-2117;54;59;35;42;45;72;36;35;26;27
hsa-miR-212-3p;57;60;84;68;63;67;61;56;44;60
hsa-miR-214-3p;7;10;16;16;18;26;18;19;14;15
hsa-miR-215-5p;21;27;22;14;18;21;31;22;22;16
hsa-miR-216a-5p;118;106;141;86;143;114;97;125;96;80
hsa-miR-216b-5p;16;15;28;24;40;32;32;25;17;26
hsa-miR-217;23;29;31;28;26;17;26;20;21;24
hsa-miR-218-5p;33;56;32;45;31;60;27;36;35;25
hsa-miR-219a-1-3p;36;41;27;27;44;44;31;30;21;22
hsa-miR-219a-2-3p;20;63;35;29;37;46;14;27;20;17
hsa-miR-219a-5p;29;63;36;40;42;39;36;27;38;22
hsa-miR-219b-3p;64;68;61;51;62;53;52;55;48;31
hsa-miR-22-3p;44;91;88;170;81;63;120;134;110;136
hsa-miR-221-3p;29;65;43;37;37;43;43;40;41;33
hsa-miR-221-5p;9;6;7;7;9;16;13;5;8;6
hsa-miR-222-3p;29;43;42;28;32;40;45;27;53;53
hsa-miR-223-3p;469;569;310;709;439;405;614;649;1193;745
hsa-miR-224-5p;48;40;26;32;45;38;36;36;31;27
hsa-miR-2278;14;14;15;8;10;13;14;12;6;15
hsa-miR-23a-3p;173;307;271;464;303;237;302;255;409;685
hsa-miR-23b-3p;17;36;19;21;25;27;29;22;24;10
hsa-miR-23c;56;45;67;37;62;67;49;55;30;35
hsa-miR-24-3p;50;61;47;54;52;55;45;51;43;46
hsa-miR-25-3p;107;527;267;380;250;143;430;389;636;471
hsa-miR-25-5p;34;48;45;48;48;38;48;32;41;44
hsa-miR-2682-5p;27;17;30;23;27;21;14;23;20;21
hsa-miR-26a-5p;29;41;45;31;40;26;27;39;44;41
hsa-miR-26b-5p;67;312;176;150;147;88;239;113;309;305
hsa-miR-27a-3p;33;33;38;40;44;49;26;33;26;30
hsa-miR-27b-3p;31;45;49;62;40;38;39;74;35;52
hsa-miR-28-3p;28;40;37;23;29;36;39;40;25;21
hsa-miR-28-5p;73;63;83;44;91;81;64;74;65;39
hsa-miR-296-3p;16;12;21;12;21;15;25;24;13;17
hsa-miR-296-5p;12;7;15;20;12;11;19;13;12;15
hsa-miR-297;12;21;21;24;23;14;15;21;11;11
hsa-miR-298;29;32;36;35;34;33;26;30;28;27
hsa-miR-299-3p;37;38;42;32;44;33;49;36;37;30
hsa-miR-299-5p;41;47;47;37;47;39;43;33;29;27
hsa-miR-29a-3p;27;35;39;48;36;34;35;43;32;51
hsa-miR-29b-3p;47;67;41;68;55;52;53;48;79;55
hsa-miR-29c-3p;53;93;56;110;53;90;56;50;54;38
hsa-miR-300;29;28;22;22;24;18;20;14;18;16
hsa-miR-301a-3p;39;33;35;28;36;34;33;30;19;20
hsa-miR-301a-5p;37;54;49;45;49;38;42;52;43;34
hsa-miR-301b-3p;30;50;55;24;39;37;32;32;22;35
hsa-miR-301b-5p;25;27;23;27;19;22;28;27;19;16
hsa-miR-302a-3p;29;23;23;19;18;14;18;20;10;8
hsa-miR-302a-5p;34;47;43;27;35;25;45;40;36;32
hsa-miR-302b-3p;36;30;40;48;40;38;45;36;34;43
hsa-miR-302c-3p;26;22;29;22;23;16;27;24;12;26
hsa-miR-302d-3p;102;204;162;106;140;100;123;124;112;118
hsa-miR-302e;22;34;31;15;20;32;27;18;17;22
hsa-miR-302f;28;32;24;22;33;26;30;24;21;22
hsa-miR-3065-3p;21;20;22;26;15;18;26;22;11;13
hsa-miR-3065-5p;36;33;36;31;42;36;38;22;29;17
hsa-miR-3074-3p;42;70;34;46;41;49;48;36;37;23
hsa-miR-30a-3p;42;44;31;45;36;29;24;41;34;28
hsa-miR-30a-5p;26;50;44;39;38;37;36;80;56;154
hsa-miR-30b-5p;32;29;44;35;43;26;39;47;39;33
hsa-miR-30c-5p;46;57;45;44;49;53;35;46;29;37
hsa-miR-30d-5p;43;73;66;99;50;64;76;98;89;210
hsa-miR-30e-3p;22;31;31;24;19;23;20;17;20;19
hsa-miR-30e-5p;32;64;56;60;47;52;48;56;57;79
hsa-miR-31-5p;32;37;20;21;31;44;29;17;25;24
hsa-miR-3127-5p;48;56;44;47;44;53;35;34;36;30
hsa-miR-3130-3p;19;43;34;26;29;35;32;35;23;26
hsa-miR-3131;26;25;29;28;34;21;25;21;19;23
hsa-miR-3136-5p;34;62;51;42;71;60;49;47;31;31
hsa-miR-3140-3p;12;26;24;26;22;24;19;34;30;21
hsa-miR-3140-5p;19;18;21;19;20;18;24;14;18;21
hsa-miR-3144-3p;46;41;44;42;44;47;51;40;37;36
hsa-miR-3144-5p;20;22;21;12;19;16;12;13;10;13
hsa-miR-3147;41;33;45;31;32;34;26;32;37;34
hsa-miR-3150b-3p;37;43;23;41;22;49;33;19;28;27
hsa-miR-3151-5p;26;32;29;23;25;28;30;29;20;23
hsa-miR-3158-3p;13;19;19;19;21;17;23;15;16;11
hsa-miR-3161;28;43;32;30;24;40;30;21;30;25
hsa-miR-3164;16;52;18;34;22;28;30;20;20;19
hsa-miR-3168;41;50;51;35;48;42;59;32;40;30
hsa-miR-3179;26;50;26;36;34;43;34;21;26;27
hsa-miR-3180;40;51;37;33;35;32;50;37;36;39
hsa-miR-3180-3p;22;24;26;21;27;22;25;24;21;9
hsa-miR-3180-5p;18;40;14;25;28;25;29;27;32;28
hsa-miR-3182;52;51;47;28;41;32;37;27;39;20
hsa-miR-3185;17;21;26;17;15;11;25;21;16;15
hsa-miR-3190-3p;7;7;8;14;14;8;12;12;8;4
hsa-miR-3192-5p;46;56;39;35;47;62;33;37;21;23
hsa-miR-3195;32;63;32;38;36;35;42;32;36;29
hsa-miR-3196;23;29;19;22;29;35;22;27;20;27
hsa-miR-32-5p;35;81;33;38;44;45;43;31;33;32
hsa-miR-3202;33;75;31;31;25;55;26;28;25;38
hsa-miR-320a;36;25;35;37;26;21;32;29;23;17
hsa-miR-320b;28;35;28;31;33;34;30;30;27;16
hsa-miR-320c;26;28;24;27;30;25;24;28;14;25
hsa-miR-320d;38;70;31;29;39;53;45;34;23;35
hsa-miR-320e;334;456;305;6314;358;290;443;2017;295;895
hsa-miR-323a-3p;29;41;30;22;28;19;22;32;24;19
hsa-miR-323a-5p;15;12;11;15;18;7;13;13;14;11
hsa-miR-323b-3p;30;65;33;32;46;55;41;42;45;28
hsa-miR-323b-5p;29;33;28;24;37;33;24;30;19;19
hsa-miR-324-3p;35;52;32;29;38;36;35;33;30;35
hsa-miR-324-5p;22;37;43;24;24;21;31;31;27;19
hsa-miR-325;52;62;63;54;74;59;56;53;41;46
hsa-miR-326;25;40;26;23;22;30;27;22;18;16
hsa-miR-328-3p;39;60;22;30;45;43;31;32;26;17
hsa-miR-328-5p;30;33;27;20;34;26;28;27;14;16
hsa-miR-329-3p;32;52;34;27;36;33;33;37;21;31
hsa-miR-329-5p;20;33;31;29;34;23;32;24;23;25
hsa-miR-330-3p;12;17;17;14;16;9;14;11;13;8
hsa-miR-330-5p;24;18;25;20;17;17;16;12;12;10
hsa-miR-331-3p;30;27;33;25;21;20;26;23;24;31
hsa-miR-331-5p;20;20;29;19;25;19;22;30;18;20
hsa-miR-335-5p;36;39;46;38;47;33;34;41;25;16
hsa-miR-337-3p;25;39;38;26;22;18;33;27;20;24
hsa-miR-337-5p;19;23;21;26;23;16;19;21;16;25
hsa-miR-338-5p;17;28;24;16;17;23;25;21;9;10
hsa-miR-339-3p;33;25;24;25;26;29;30;32;20;28
hsa-miR-339-5p;21;19;22;16;24;19;20;22;12;16
hsa-miR-33a-5p;31;45;40;34;40;43;34;35;32;36
hsa-miR-33b-5p;34;40;31;24;26;27;27;25;20;11
hsa-miR-340-5p;51;57;46;59;51;41;45;60;55;52
hsa-miR-342-3p;56;65;85;89;105;63;93;76;87;97
hsa-miR-342-5p;37;42;20;33;28;43;20;30;28;25
hsa-miR-345-3p;35;32;31;27;24;21;31;24;26;25
hsa-miR-345-5p;31;57;29;29;23;41;23;36;18;27
hsa-miR-346;49;51;54;51;50;49;40;40;33;35
hsa-miR-34a-5p;46;45;55;59;26;37;48;44;31;38
hsa-miR-34b-3p;20;27;30;19;16;27;26;23;14;11
hsa-miR-34c-3p;35;27;45;22;41;24;31;42;22;31
hsa-miR-34c-5p;18;24;20;22;23;29;20;23;15;14
hsa-miR-3605-3p;26;25;32;18;15;26;26;29;19;19
hsa-miR-3605-5p;23;32;24;22;28;32;21;20;14;15
hsa-miR-361-3p;31;23;33;28;31;22;20;29;20;34
hsa-miR-361-5p;27;57;28;44;39;27;40;34;38;51
hsa-miR-3613-3p;25;15;26;16;34;29;23;20;29;12
hsa-miR-3613-5p;30;28;30;22;31;31;32;26;24;14
hsa-miR-3614-3p;42;85;37;38;52;58;43;50;52;40
hsa-miR-3614-5p;16;37;36;34;30;32;22;31;17;20
hsa-miR-3615;24;31;29;20;27;24;23;21;22;17
hsa-miR-362-3p;15;12;15;17;19;19;18;13;15;7
hsa-miR-362-5p;30;32;29;26;32;18;26;21;24;16
hsa-miR-363-3p;80;138;121;102;133;98;105;95;106;92
hsa-miR-363-5p;48;108;42;65;62;71;34;50;50;33
hsa-miR-365a-3p?miR-365b-3p;58;56;74;70;63;38;58;51;40;42
hsa-miR-365b-5p;20;50;22;34;25;38;45;17;28;15
hsa-miR-367-3p;23;45;29;31;27;40;26;30;29;29
hsa-miR-369-3p;35;39;27;41;31;48;41;37;23;25
hsa-miR-369-5p;28;20;24;16;26;16;26;18;15;10
hsa-miR-3690;43;68;28;41;41;38;41;25;38;28
hsa-miR-370-3p;39;42;54;31;32;34;34;39;25;23
hsa-miR-370-5p;20;42;28;22;30;30;17;22;14;15
hsa-miR-371a-5p;41;35;29;35;38;31;41;36;24;28
hsa-miR-371b-5p;18;23;28;12;21;20;22;21;14;24
hsa-miR-372-3p;29;24;21;21;28;30;24;33;19;22
hsa-miR-373-3p;22;29;31;22;31;15;24;28;20;22
hsa-miR-374a-3p;24;28;29;17;32;20;23;23;15;24
hsa-miR-374a-5p;80;112;72;74;72;65;97;75;104;79
hsa-miR-374b-5p;44;68;28;33;40;57;37;24;39;30
hsa-miR-374c-5p;26;37;23;25;26;38;24;30;19;27
hsa-miR-375;29;38;30;37;31;36;33;26;27;26
hsa-miR-376a-2-5p;56;44;41;33;36;28;39;37;18;22
hsa-miR-376a-3p;48;78;75;76;65;76;83;69;68;53
hsa-miR-376b-3p;17;29;27;20;23;28;23;26;17;18
hsa-miR-376c-3p;16;37;33;31;35;22;28;22;25;26
hsa-miR-376c-5p;30;15;19;14;23;16;20;18;19;15
hsa-miR-377-3p;33;39;28;31;29;32;28;24;23;30
hsa-miR-378b;14;8;12;12;14;10;16;18;12;12
hsa-miR-378c;13;20;32;11;23;15;18;15;15;9
hsa-miR-378d;19;36;33;22;25;18;25;32;21;13
hsa-miR-378e;48;56;64;80;80;58;72;56;52;66
hsa-miR-378f;62;48;60;45;52;48;41;48;40;54
hsa-miR-378g;45;54;50;43;36;41;39;22;22;30
hsa-miR-378h;23;22;22;21;34;21;29;22;21;26
hsa-miR-378i;29;34;31;38;30;15;23;40;26;30
hsa-miR-379-5p;33;36;42;34;32;34;33;39;27;36
hsa-miR-380-3p;47;44;37;30;47;41;36;36;28;30
hsa-miR-381-3p;26;28;25;22;32;38;21;17;25;20
hsa-miR-381-5p;26;40;39;33;44;43;28;36;21;14
hsa-miR-382-3p;46;44;56;39;44;44;34;29;38;23
hsa-miR-382-5p;27;24;24;16;32;35;25;27;23;15
hsa-miR-383-5p;11;35;18;15;29;18;21;20;20;20
hsa-miR-384;31;49;27;30;36;52;33;35;41;28
hsa-miR-3916;14;20;21;17;14;14;24;30;21;13
hsa-miR-3918;28;51;17;37;29;40;33;32;31;25
hsa-miR-3928-3p;15;21;20;20;27;18;26;28;16;12
hsa-miR-3934-5p;21;18;33;25;21;23;28;27;24;26
hsa-miR-409-3p;39;59;25;33;47;59;41;53;29;33
hsa-miR-409-5p;23;22;21;18;19;18;15;20;16;18
hsa-miR-410-3p;24;26;25;22;25;22;36;27;25;25
hsa-miR-411-5p;45;64;80;65;67;69;50;65;68;60
hsa-miR-412-3p;24;47;34;28;27;28;31;32;21;29
hsa-miR-421;49;32;45;33;52;35;36;32;30;28
hsa-miR-422a;26;54;33;41;39;39;30;33;34;25
hsa-miR-423-3p;40;44;29;37;41;32;30;31;30;32
hsa-miR-423-5p;52;83;54;102;46;57;69;71;79;81
hsa-miR-424-5p;19;43;30;29;29;44;21;27;17;27
hsa-miR-425-5p;40;83;51;69;74;67;71;45;54;62
hsa-miR-4284;20;25;20;17;21;17;26;15;16;19
hsa-miR-4286;33;49;51;38;35;33;20;31;35;17
hsa-miR-429;38;29;35;28;43;41;35;32;43;34
hsa-miR-431-5p;31;49;9;21;36;44;22;29;25;15
hsa-miR-432-5p;19;34;31;28;28;29;17;27;22;31
hsa-miR-433-3p;37;55;41;30;52;39;24;36;30;26
hsa-miR-433-5p;27;24;29;18;25;32;22;32;20;22
hsa-miR-4421;30;51;36;35;34;30;29;35;42;31
hsa-miR-4425;41;48;51;32;36;30;28;38;40;31
hsa-miR-4431;34;34;38;21;35;40;29;22;27;28
hsa-miR-4435;45;53;24;38;43;64;40;38;40;31
hsa-miR-4443;68;58;62;45;50;56;72;47;36;31
hsa-miR-4448;20;31;21;17;23;23;11;15;21;14
hsa-miR-4451;21;24;20;15;25;22;19;16;22;14
hsa-miR-4454?miR-7975;52;59;57;65;52;64;56;65;71;55
hsa-miR-4455;45;72;47;54;60;54;54;53;44;45
hsa-miR-4458;22;24;33;26;25;26;16;25;13;25
hsa-miR-4461;28;32;34;21;27;19;26;30;23;35
hsa-miR-448;31;35;33;19;36;34;32;29;15;25
hsa-miR-4485-3p;27;23;32;28;33;21;18;28;15;15
hsa-miR-4488;28;34;42;33;33;42;39;23;30;21
hsa-miR-449a;21;22;28;28;26;25;17;18;17;12
hsa-miR-449b-5p;18;25;19;21;19;20;22;26;20;11
hsa-miR-449c-5p;26;19;21;23;27;25;16;22;23;12
hsa-miR-450a-1-3p;29;53;29;30;23;26;33;27;17;17
hsa-miR-450a-2-3p;31;32;33;41;38;40;31;31;23;26
hsa-miR-450a-5p;34;36;35;34;38;30;29;23;26;28
hsa-miR-450b-3p;19;23;20;23;20;20;28;31;19;15
hsa-miR-450b-5p;22;50;30;20;32;33;21;29;27;11
hsa-miR-4516;22;37;26;198;35;26;40;38;22;53
hsa-miR-451a;11923;73901;25771;40449;25916;13825;49384;38768;73279;58175
hsa-miR-452-5p;19;12;19;18;19;18;22;11;12;13
hsa-miR-4521;27;36;26;32;20;34;21;22;18;17
hsa-miR-4524a-5p;44;48;32;28;39;45;34;33;35;14
hsa-miR-4531;32;40;43;28;47;32;41;33;35;51
hsa-miR-4532;21;17;28;69;23;22;21;30;22;17
hsa-miR-4536-3p;18;37;24;25;32;33;20;28;18;11
hsa-miR-4536-5p;55;77;107;93;99;82;101;90;75;88
hsa-miR-454-3p;29;33;31;35;35;25;33;13;19;21
hsa-miR-455-3p;9;16;17;10;19;11;15;17;11;12
hsa-miR-455-5p;20;24;26;26;18;26;28;18;17;11
hsa-miR-4647;28;33;22;25;23;20;18;19;17;13
hsa-miR-4707-3p;34;23;38;38;30;23;28;25;22;26
hsa-miR-4707-5p;37;40;44;27;36;29;25;20;23;18
hsa-miR-4741;19;19;21;14;19;19;26;17;14;14
hsa-miR-4755-5p;30;31;42;15;34;46;30;33;21;19
hsa-miR-4787-3p;57;74;55;63;64;65;38;58;23;49
hsa-miR-4787-5p;32;30;38;25;30;29;39;29;23;23
hsa-miR-4792;16;18;22;14;36;22;27;29;22;13
hsa-miR-483-3p;15;18;23;19;32;21;18;25;16;17
hsa-miR-483-5p;10;21;15;16;13;17;17;19;16;11
hsa-miR-484;21;29;15;33;29;21;29;20;28;19
hsa-miR-485-3p;25;27;27;21;20;17;15;16;10;18
hsa-miR-485-5p;38;28;19;16;37;28;27;23;26;33
hsa-miR-486-3p;31;55;35;40;34;29;39;34;42;31
hsa-miR-487a-3p;30;40;30;15;29;33;21;26;15;20
hsa-miR-487b-3p;29;30;25;23;25;28;34;33;28;23
hsa-miR-487b-5p;18;25;32;20;23;20;22;10;17;18
hsa-miR-488-3p;31;27;23;17;30;18;23;21;21;19
hsa-miR-489-3p;25;30;39;34;36;32;45;43;23;35
hsa-miR-490-3p;12;19;19;6;17;18;22;21;10;14
hsa-miR-490-5p;29;54;30;33;37;32;29;24;26;15
hsa-miR-491-3p;46;76;42;48;70;69;48;51;35;47
hsa-miR-491-5p;32;95;41;63;47;45;54;62;60;53
hsa-miR-492;43;44;28;31;39;53;36;27;33;32
hsa-miR-493-3p;28;42;32;33;39;47;35;32;29;26
hsa-miR-494-3p;38;31;19;17;31;23;37;30;25;15
hsa-miR-494-5p;26;32;34;22;38;26;35;31;14;20
hsa-miR-495-3p;78;83;68;82;67;87;64;60;59;69
hsa-miR-495-5p;36;45;45;29;32;27;40;27;14;22
hsa-miR-496;71;96;113;107;133;97;84;93;83;137
hsa-miR-497-5p;16;19;30;27;20;26;29;18;22;22
hsa-miR-498;28;30;50;25;40;35;38;31;36;34
hsa-miR-499a-3p;19;22;35;22;36;21;19;17;16;16
hsa-miR-499a-5p;205;493;105;283;243;452;169;197;177;110
hsa-miR-499b-3p;18;27;21;19;23;24;18;28;18;15
hsa-miR-499b-5p;19;20;28;18;23;20;18;20;13;5
hsa-miR-5001-3p;26;26;37;26;36;25;34;30;33;23
hsa-miR-5001-5p;22;31;30;20;18;16;24;18;15;12
hsa-miR-500a-5p?miR-501-5p;25;42;20;30;31;62;37;22;32;19
hsa-miR-501-3p;30;29;32;37;40;32;32;22;24;25
hsa-miR-5010-3p;32;45;51;33;52;41;35;26;22;26
hsa-miR-5010-5p;28;46;20;19;31;31;32;24;22;17
hsa-miR-502-3p;24;39;28;26;33;35;22;27;29;29
hsa-miR-502-5p;16;23;30;21;28;20;24;25;12;21
hsa-miR-503-3p;21;25;36;16;36;21;30;27;20;14
hsa-miR-503-5p;25;23;23;40;38;24;29;21;22;25
hsa-miR-504-3p;33;35;28;27;36;35;28;26;15;22
hsa-miR-504-5p;26;49;25;37;28;39;20;18;21;16
hsa-miR-505-3p;22;51;17;25;29;27;28;28;32;28
hsa-miR-506-3p;40;131;56;63;55;60;78;51;68;66
hsa-miR-506-5p;37;51;40;41;35;33;37;36;32;31
hsa-miR-507;32;28;36;21;22;28;33;30;24;13
hsa-miR-508-3p;28;27;26;33;31;25;29;29;16;24
hsa-miR-508-5p;34;31;33;17;22;19;19;28;24;14
hsa-miR-509-3-5p;32;20;28;15;42;27;28;27;26;26
hsa-miR-509-3p;21;35;27;15;19;23;24;21;17;17
hsa-miR-509-5p;32;41;35;41;34;52;23;30;34;25
hsa-miR-510-3p;20;20;29;23;19;15;25;20;22;11
hsa-miR-510-5p;20;25;13;12;8;21;15;14;7;14
hsa-miR-511-5p;18;19;26;19;22;27;28;27;16;13
hsa-miR-512-3p;13;17;14;9;15;15;20;15;13;10
hsa-miR-512-5p;27;13;23;22;26;21;10;23;12;18
hsa-miR-513a-3p;43;44;38;34;40;45;44;36;24;28
hsa-miR-513a-5p;29;25;24;28;27;32;37;23;25;27
hsa-miR-513b-5p;46;115;53;72;64;66;64;59;64;49
hsa-miR-513c-3p;28;35;21;18;23;30;22;24;24;22
hsa-miR-513c-5p;75;60;81;66;70;64;82;68;61;41
hsa-miR-514a-3p;31;36;36;24;36;38;24;44;18;26
hsa-miR-514a-5p;35;82;35;50;51;52;47;58;57;50
hsa-miR-514b-3p;32;33;29;22;28;30;28;30;24;25
hsa-miR-514b-5p;35;43;32;35;32;35;27;34;22;17
hsa-miR-515-3p;29;15;29;19;29;25;22;19;17;19
hsa-miR-515-5p;16;23;16;31;21;21;17;31;21;25
hsa-miR-516a-3p?miR-516b-3p;17;19;23;13;26;20;28;25;16;13
hsa-miR-516a-5p;23;39;31;33;32;41;31;24;21;19
hsa-miR-516b-5p;31;61;37;48;37;57;32;37;40;37
hsa-miR-517a-3p;59;64;57;47;67;53;57;52;42;54
hsa-miR-517b-3p;8;24;25;12;16;17;21;18;10;9
hsa-miR-517c-3p?miR-519a-3p;21;22;30;12;19;16;26;28;16;12
hsa-miR-518b;83;110;108;86;107;102;94;92;84;94
hsa-miR-518c-3p;30;40;34;23;32;36;16;34;23;23
hsa-miR-518d-3p;32;57;29;33;40;47;30;27;19;21
hsa-miR-518e-3p;18;22;24;16;22;18;22;16;12;18
hsa-miR-518f-3p;31;28;19;22;17;24;34;24;22;20
hsa-miR-5196-3p?miR-6732-3p;26;38;32;22;33;31;28;32;25;20
hsa-miR-5196-5p;24;43;34;30;31;29;40;39;28;25
hsa-miR-519b-3p;33;56;28;45;26;53;40;30;31;25
hsa-miR-519b-5p?miR-519c-5p?miR-523-5p?miR-518e-5p?miR-522-5p?miR-519a-5p;24;27;24;22;25;34;30;19;20;25
hsa-miR-519c-3p;22;39;26;37;36;34;30;25;22;14
hsa-miR-519d-3p;45;48;58;41;53;30;36;35;41;34
hsa-miR-519e-3p;30;42;23;35;41;60;30;31;16;19
hsa-miR-520a-3p;11;17;12;14;9;13;12;19;16;7
hsa-miR-520a-5p;33;39;38;28;33;23;29;32;19;30
hsa-miR-520b;27;20;26;28;32;22;26;29;16;26
hsa-miR-520c-3p;31;24;29;21;25;19;31;27;18;15
hsa-miR-520d-3p;14;21;23;18;11;19;18;24;11;10
hsa-miR-520d-5p?miR-527?miR-518a-5p;18;52;25;45;34;37;35;30;30;31
hsa-miR-520e;15;18;21;13;14;10;28;18;14;8
hsa-miR-520f-3p;35;42;32;22;33;50;29;31;28;17
hsa-miR-520g-3p;23;28;22;20;29;17;24;18;19;17
hsa-miR-520h;52;50;45;33;37;32;39;41;39;32
hsa-miR-521;25;30;17;15;30;22;27;22;17;20
hsa-miR-522-3p;22;25;29;17;29;14;24;25;22;14
hsa-miR-523-3p;22;48;32;25;43;34;30;19;23;26
hsa-miR-524-3p;25;41;25;21;35;28;23;23;24;18
hsa-miR-525-3p;35;67;26;20;40;45;21;31;25;22
hsa-miR-525-5p;36;43;28;25;30;33;36;39;30;35
hsa-miR-526a?miR-518c-5p?miR-518d-5p;34;74;64;62;55;67;65;66;56;52
hsa-miR-526b-5p;33;49;37;24;40;37;35;42;25;26
hsa-miR-532-3p;28;37;34;17;27;19;27;25;23;23
hsa-miR-532-5p;37;78;41;56;38;56;40;50;34;27
hsa-miR-539-3p;23;36;31;34;27;12;33;27;17;20
hsa-miR-539-5p;27;44;30;34;25;24;33;21;27;25
hsa-miR-541-3p;15;12;15;16;20;15;20;16;6;3
hsa-miR-542-3p;29;33;43;26;29;26;29;22;17;31
hsa-miR-542-5p;25;27;19;16;21;20;16;15;11;17
hsa-miR-543;42;64;41;33;42;47;36;46;38;44
hsa-miR-544a;21;16;20;12;16;19;15;11;10;12
hsa-miR-545-3p;22;37;24;31;40;41;18;29;27;27
hsa-miR-548a-3p;32;50;22;43;23;39;22;28;12;20
hsa-miR-548a-5p;20;33;24;22;31;31;34;22;17;21
hsa-miR-548aa?miR-548t-3p;33;34;31;48;26;26;40;18;41;33
hsa-miR-548ad-3p;33;33;27;11;32;26;18;27;20;29
hsa-miR-548ah-5p;41;35;43;37;40;38;34;40;23;30
hsa-miR-548ai?miR-570-5p;43;48;57;51;47;51;33;49;39;39
hsa-miR-548ak;20;28;17;29;31;27;18;25;24;21
hsa-miR-548al;52;41;76;50;45;61;53;49;55;27
hsa-miR-548ar-3p;45;62;45;41;58;49;48;40;34;36
hsa-miR-548ar-5p;53;91;120;102;133;120;118;116;97;118
hsa-miR-548b-3p;17;28;20;11;22;20;16;12;21;15
hsa-miR-548c-5p?miR-548o-5p?miR-548am-5p;24;17;17;6;17;13;20;13;9;9
hsa-miR-548d-3p;14;30;33;29;21;25;29;22;31;36
hsa-miR-548d-5p;29;44;26;26;35;45;35;31;27;26
hsa-miR-548e-3p;25;49;23;37;23;43;24;18;24;15
hsa-miR-548e-5p;44;57;36;46;39;35;39;25;41;48
hsa-miR-548g-3p;25;29;28;26;26;19;29;21;16;21
hsa-miR-548h-5p;31;26;20;21;25;22;23;31;26;13
hsa-miR-548i;19;22;24;14;18;17;21;24;7;27
hsa-miR-548j-3p;41;86;31;41;34;82;31;40;47;40
hsa-miR-548j-5p;27;24;23;19;29;26;26;28;13;32
hsa-miR-548k;21;28;29;23;28;33;28;24;22;18
hsa-miR-548l;20;48;22;44;43;48;35;35;15;29
hsa-miR-548m;27;20;29;14;15;24;23;20;16;11
hsa-miR-548n;23;55;34;49;43;59;23;22;31;27
hsa-miR-548o-3p?miR-548ah-3p?miR-548av-3p;37;41;31;30;38;42;21;28;22;23
hsa-miR-548q;24;32;32;46;49;47;33;29;25;30
hsa-miR-548v;32;32;30;30;34;28;34;25;25;28
hsa-miR-548y;30;55;33;25;37;39;33;28;29;25
hsa-miR-548z?miR-548h-3p;26;32;35;35;33;22;34;31;19;27
hsa-miR-549a;36;36;42;32;39;39;31;47;37;47
hsa-miR-550a-5p;27;40;32;38;35;38;36;42;37;27
hsa-miR-551a;43;41;58;45;29;43;45;27;36;29
hsa-miR-551b-3p;38;40;38;23;29;30;28;19;29;30
hsa-miR-552-3p;34;33;39;34;21;28;31;33;36;33
hsa-miR-553;60;141;46;92;76;117;55;57;48;46
hsa-miR-554;14;15;15;13;17;12;11;14;18;8
hsa-miR-555;22;22;23;19;15;17;19;12;11;19
hsa-miR-556-3p;37;41;29;40;33;38;34;30;22;27
hsa-miR-556-5p;33;28;43;24;29;29;28;27;15;23
hsa-miR-561-3p;43;57;40;34;37;47;32;26;34;33
hsa-miR-561-5p;39;35;36;22;29;28;21;35;22;21
hsa-miR-562;14;12;17;10;13;17;5;16;13;10
hsa-miR-563;31;41;37;33;35;30;36;31;15;13
hsa-miR-564;13;10;21;13;19;21;22;13;19;17
hsa-miR-566;33;38;33;33;24;30;41;32;32;29
hsa-miR-567;44;70;31;54;58;56;41;32;40;27
hsa-miR-568;23;75;23;41;33;57;28;25;35;22
hsa-miR-570-3p;32;52;32;32;42;48;39;30;37;28
hsa-miR-571;28;33;38;22;32;33;24;36;22;16
hsa-miR-572;30;35;29;32;42;26;38;28;20;19
hsa-miR-573;31;24;27;26;32;24;22;26;24;17
hsa-miR-574-3p;32;27;30;24;34;20;30;32;34;12
hsa-miR-574-5p;29;42;41;124;52;51;41;48;40;36
hsa-miR-575;22;23;26;32;32;33;20;19;9;29
hsa-miR-576-3p;18;24;31;14;21;22;21;18;11;11
hsa-miR-576-5p;36;80;42;55;69;78;60;61;48;47
hsa-miR-577;15;14;11;15;21;13;11;13;11;3
hsa-miR-578;18;25;17;18;28;30;19;20;19;15
hsa-miR-579-3p;1;1;1;1;1;1;1;1;1;1
hsa-miR-579-5p;30;29;26;22;24;26;20;23;21;18
hsa-miR-580-3p;25;26;18;30;36;35;20;20;26;14
hsa-miR-582-3p;20;11;27;15;14;12;15;13;9;9
hsa-miR-582-5p;25;31;23;24;25;12;29;22;19;17
hsa-miR-584-3p;35;47;39;30;39;30;33;30;18;27
hsa-miR-584-5p;42;36;32;37;43;36;42;35;25;33
hsa-miR-585-3p;34;57;64;38;58;36;48;45;34;39
hsa-miR-587;20;44;41;30;37;37;42;22;33;35
hsa-miR-589-5p;37;30;37;17;24;20;25;24;17;23
hsa-miR-590-3p;38;45;38;29;42;34;25;35;21;33
hsa-miR-590-5p;31;38;49;41;43;29;37;37;33;31
hsa-miR-591;28;26;24;23;34;16;26;30;22;14
hsa-miR-592;22;19;21;27;22;16;27;27;19;18
hsa-miR-593-3p;28;26;30;30;26;30;26;23;25;22
hsa-miR-595;40;37;40;35;31;33;36;44;39;17
hsa-miR-596;31;43;31;28;36;48;36;28;32;28
hsa-miR-597-5p;55;41;50;41;59;40;43;43;50;58
hsa-miR-598-3p;170;109;176;132;159;125;132;127;99;95
hsa-miR-599;16;17;26;16;15;13;16;18;10;11
hsa-miR-600;6;10;17;12;20;15;19;13;10;12
hsa-miR-601;40;64;32;65;59;52;33;45;34;40
hsa-miR-603;33;32;34;27;32;43;30;31;22;25
hsa-miR-604;15;18;21;13;32;24;25;27;12;16
hsa-miR-605-5p;30;38;30;25;31;26;30;24;32;26
hsa-miR-606;18;20;30;19;21;25;13;16;16;12
hsa-miR-607;56;49;41;48;32;41;45;32;48;45
hsa-miR-608;29;19;27;23;38;20;30;27;18;21
hsa-miR-610;45;77;42;56;66;45;44;64;52;57
hsa-miR-612;52;94;49;66;71;83;63;45;51;44
hsa-miR-613;27;61;34;43;45;49;23;25;26;21
hsa-miR-614;22;19;16;25;35;20;28;21;17;11
hsa-miR-615-3p;32;50;34;27;40;36;45;29;31;29
hsa-miR-615-5p;30;41;24;38;31;43;25;30;32;20
hsa-miR-616-3p;18;20;23;20;16;25;17;24;21;19
hsa-miR-617;38;50;24;31;29;48;40;30;22;34
hsa-miR-619-3p;29;57;31;45;37;45;31;30;22;31
hsa-miR-620;22;23;31;30;31;32;31;20;28;16
hsa-miR-624-3p;24;20;30;25;28;24;25;22;21;21
hsa-miR-625-5p;24;29;32;35;31;19;36;20;20;23
hsa-miR-626;44;40;48;40;48;46;30;40;25;40
hsa-miR-627-3p;40;41;42;55;46;38;50;54;25;34
hsa-miR-627-5p;34;37;42;37;36;44;48;36;34;30
hsa-miR-628-3p;21;15;12;15;16;8;10;13;5;11
hsa-miR-628-5p;15;27;19;17;26;18;27;25;16;14
hsa-miR-629-5p;17;26;26;25;26;19;17;32;26;11
hsa-miR-630;84;122;94;1051;84;67;88;137;123;130
hsa-miR-631;26;33;33;22;18;21;32;22;26;16
hsa-miR-637;20;21;22;17;13;23;19;22;6;7
hsa-miR-638;38;48;40;44;39;48;39;36;30;29
hsa-miR-639;26;24;44;23;31;14;26;18;20;16
hsa-miR-640;26;38;41;31;38;26;45;32;43;31
hsa-miR-641;37;43;29;20;29;24;23;16;16;29
hsa-miR-642a-3p;27;23;30;27;22;22;30;27;16;24
hsa-miR-642a-5p;24;22;33;23;24;17;25;23;14;15
hsa-miR-643;36;38;39;28;40;38;37;37;27;37
hsa-miR-644a;33;26;26;33;27;21;29;36;20;30
hsa-miR-648;71;70;62;40;68;49;42;63;38;47
hsa-miR-649;18;18;13;13;6;15;18;13;16;12
hsa-miR-650;23;26;22;11;17;12;25;16;12;11
hsa-miR-6503-3p;33;45;31;43;38;39;38;36;29;29
hsa-miR-6503-5p;29;30;33;26;30;31;30;33;26;22
hsa-miR-651-3p;22;27;24;17;31;11;15;18;12;13
hsa-miR-651-5p;43;44;51;49;54;40;38;40;24;38
hsa-miR-6511a-3p;15;10;24;12;17;12;28;10;13;10
hsa-miR-6511a-5p;24;19;25;11;15;12;23;28;15;20
hsa-miR-652-3p;19;18;23;16;15;18;20;19;14;18
hsa-miR-652-5p;24;21;22;18;17;21;20;14;14;14
hsa-miR-654-3p;52;56;30;44;55;59;41;41;37;42
hsa-miR-654-5p;28;35;27;23;28;38;30;27;26;21
hsa-miR-655-3p;20;24;32;25;32;20;20;20;17;10
hsa-miR-656-3p;28;39;39;32;34;37;34;17;28;32
hsa-miR-660-3p;18;32;24;27;23;22;27;17;14;13
hsa-miR-660-5p;16;27;23;19;19;17;29;20;24;15
hsa-miR-661;26;22;30;22;25;28;24;30;14;17
hsa-miR-663a;28;44;31;31;42;36;30;35;29;33
hsa-miR-664a-3p;32;36;28;31;33;31;28;32;25;29
hsa-miR-664b-3p;44;33;37;34;47;25;30;34;20;35
hsa-miR-664b-5p;19;18;34;23;22;17;18;21;13;15
hsa-miR-665;24;30;32;26;30;29;30;17;27;15
hsa-miR-671-3p;18;36;25;28;31;32;24;25;22;19
hsa-miR-671-5p;23;27;29;14;23;20;25;20;16;15
hsa-miR-6720-3p;23;20;21;25;30;21;13;10;18;11
hsa-miR-6721-5p;136;84;116;84;104;109;86;79;78;62
hsa-miR-6724-5p;28;30;44;30;35;35;35;32;31;28
hsa-miR-675-5p;20;21;29;34;29;28;26;26;19;19
hsa-miR-7-5p;38;62;39;49;40;33;56;55;46;45
hsa-miR-708-5p;22;32;25;28;32;37;21;20;19;16
hsa-miR-744-5p;54;33;43;47;39;45;55;33;33;34
hsa-miR-758-3p?miR-411-3p;66;43;43;42;52;63;54;47;42;30
hsa-miR-758-5p;23;21;31;14;17;19;16;10;9;18
hsa-miR-760;12;15;23;16;12;14;24;14;18;10
hsa-miR-761;75;47;84;54;68;75;86;80;62;36
hsa-miR-764;29;58;51;31;45;31;47;31;40;40
hsa-miR-765;27;40;35;28;33;27;32;23;30;34
hsa-miR-766-3p;29;40;25;34;33;28;28;36;25;30
hsa-miR-766-5p;14;21;20;18;20;28;27;13;21;13
hsa-miR-767-3p;20;46;22;36;32;32;44;18;26;12
hsa-miR-767-5p;33;51;38;29;39;34;40;35;28;19
hsa-miR-769-3p;9;20;17;16;19;17;19;13;14;14
hsa-miR-769-5p;46;55;58;57;51;52;50;48;43;38
hsa-miR-770-5p;36;23;17;27;42;36;45;33;28;32
hsa-miR-802;38;31;30;24;25;25;29;29;7;16
hsa-miR-873-3p;710;525;772;585;721;714;648;658;563;490
hsa-miR-873-5p;21;38;20;45;37;38;49;21;30;20
hsa-miR-874-3p;30;23;34;21;32;30;25;29;21;15
hsa-miR-874-5p;37;78;32;43;64;48;52;40;40;39
hsa-miR-875-3p;38;69;24;47;40;47;28;24;25;31
hsa-miR-876-3p;31;42;21;37;33;39;20;41;19;19
hsa-miR-876-5p;17;21;19;9;29;15;18;22;12;12
hsa-miR-877-5p;18;21;48;34;37;37;32;31;39;30
hsa-miR-885-3p;17;17;25;14;23;16;20;18;11;11
hsa-miR-885-5p;15;16;25;25;20;20;28;42;21;13
hsa-miR-887-3p;24;40;28;29;32;38;20;25;17;25
hsa-miR-887-5p;41;36;34;22;29;31;19;20;28;28
hsa-miR-888-5p;32;40;41;28;41;19;41;31;19;30
hsa-miR-889-3p;20;22;21;25;24;20;16;20;15;16
hsa-miR-890;27;41;25;32;23;45;29;39;22;21
hsa-miR-891a-5p;28;33;44;25;29;29;33;18;28;19
hsa-miR-891b;31;31;32;24;30;29;37;34;23;21
hsa-miR-892a;31;67;48;52;39;39;41;32;32;33
hsa-miR-892b;32;24;29;33;26;20;28;28;19;23
hsa-miR-9-5p;17;16;26;17;16;15;22;20;13;13
hsa-miR-922;29;47;31;35;32;32;42;22;28;30
hsa-miR-924;26;10;13;19;13;8;11;13;8;10
hsa-miR-92a-1-5p;27;36;22;18;21;24;22;27;22;23
hsa-miR-92a-3p;69;143;113;128;96;66;117;87;192;166
hsa-miR-92b-3p;17;24;23;18;26;27;30;28;14;23
hsa-miR-93-5p;73;173;104;229;110;80;180;108;197;140
hsa-miR-933;36;48;24;27;36;28;39;33;19;17
hsa-miR-934;14;17;28;20;30;15;20;9;15;12
hsa-miR-935;23;52;15;41;20;34;30;32;17;12
hsa-miR-936;30;34;39;33;37;32;29;29;25;34
hsa-miR-937-3p;22;33;16;27;20;21;22;22;14;16
hsa-miR-939-5p;35;44;44;38;32;33;47;35;27;29
hsa-miR-940;52;63;35;30;28;51;41;36;38;22
hsa-miR-941;24;18;17;14;22;20;25;24;19;12
hsa-miR-942-3p;21;44;27;26;22;26;25;14;25;19
hsa-miR-942-5p;28;28;24;16;16;16;16;20;15;12
hsa-miR-944;35;56;30;35;31;49;27;25;25;23
hsa-miR-95-3p;28;31;30;37;32;43;42;37;22;27
hsa-miR-96-5p;18;31;30;23;22;25;22;24;24;22
hsa-miR-98-3p;30;41;25;36;38;42;14;30;22;21
hsa-miR-98-5p;40;80;40;59;65;77;44;46;44;31
hsa-miR-99a-5p;25;22;23;28;30;27;25;16;29;22
hsa-miR-99b-5p;33;33;37;28;31;40;35;29;21;16
